Predator,Prey,Reference,Method
Ascidians,Zooplankton,"Gili, J. M., Coma, R., Orejas, C., López-González, P. J., & Zabala, M. (2002). Are Antarctic suspension-feeding communities different from those elsewhere in the world? (pp. 104-116). Springer Berlin Heidelberg.",Gut content
Ascidians,Phytoplankton,"Tatian, M., Sahade, R., & Esnal, G. B. (2004). Diet components in the food of Antarctic ascidians living at low levels of primary production. Antarctic Science, 16(02), 123-128.",Gut content
Austrodoris kerguelensis,Rosella antartica,"McClintock, J. B., Amsler, C. D., Baker, B. J., & Van Soest, R. W. (2005). Ecology of Antarctic marine sponges: an overview. Integrative and Comparative Biology, 45(2), 359-368.",In situ observation
Austrodoris kerguelensis,Rosella sp.,"McClintock, J. B., Amsler, C. D., Baker, B. J., & Van Soest, R. W. (2005). Ecology of Antarctic marine sponges: an overview. Integrative and Comparative Biology, 45(2), 359-368.",In situ observation
Austrodoris kerguelensis,Mycale acerata,L. Torre (pers. comm.),In situ observation
Austrodoris kerguelensis,Haliclonidae,L. Torre (pers. comm.),In situ observation
Austrodoris kerguelensis,Dendrilla antartica,L. Torre (pers. comm.),In situ observation
Bovallia gigantea,Paradexamine sp.,"Richard, M. G. (1977). The ecology (including physiological aspects) of selected Antarctic marine invertebrates associated with inshore macrophytes (Doctoral dissertation, Durham University).",Gut content
Bovallia gigantea,Eurymera monticulosa,"Richard, M. G. (1977). The ecology (including physiological aspects) of selected Antarctic marine invertebrates associated with inshore macrophytes (Doctoral dissertation, Durham University).",Gut content
Bovallia gigantea,Pontogeneiella sp.,"Richard, M. G. (1977). The ecology (including physiological aspects) of selected Antarctic marine invertebrates associated with inshore macrophytes (Doctoral dissertation, Durham University).",Gut content
Bovallia gigantea,Gondogeneia antarctica,"Richard, M. G. (1977). The ecology (including physiological aspects) of selected Antarctic marine invertebrates associated with inshore macrophytes (Doctoral dissertation, Durham University).",Gut content
Bovallia gigantea,Gitanopsis antarctica,"Richard, M. G. (1977). The ecology (including physiological aspects) of selected Antarctic marine invertebrates associated with inshore macrophytes (Doctoral dissertation, Durham University).",Gut content
Bovallia gigantea,Prostebbingia gracilis,"Richard, M. G. (1977). The ecology (including physiological aspects) of selected Antarctic marine invertebrates associated with inshore macrophytes (Doctoral dissertation, Durham University).",Gut content
Bovallia gigantea,Waldeckia obesa,"Richard, M. G. (1977). The ecology (including physiological aspects) of selected Antarctic marine invertebrates associated with inshore macrophytes (Doctoral dissertation, Durham University).",Gut content
Chaenocephalus aceratus ,Euphausia superba,"Barrera-Oro, E. (2003). Analysis of dietary overlap in Antarctic fish (Notothenioidei) from the South Shetland Islands: no evidence of food competition. Polar Biology, 26(10), 631-637.",Gut content
Chaenocephalus aceratus ,Euphausia superba,"Flores, H., Kock, K. H., Wilhelms, S., & Jones, C. D. (2004). Diet of two icefish species from the South Shetland Islands and Elephant Island, Champsocephalus gunnari and Chaenocephalus aceratus. Polar Biology, 27(2), 119-129.",Gut content
Chaenocephalus aceratus ,Ophionotus victoriae,"Flores, H., Kock, K. H., Wilhelms, S., & Jones, C. D. (2004). Diet of two icefish species from the South Shetland Islands and Elephant Island, Champsocephalus gunnari and Chaenocephalus aceratus. Polar Biology, 27(2), 119-129.",Gut content
Chaenocephalus aceratus ,Mysida,"Flores, H., Kock, K. H., Wilhelms, S., & Jones, C. D. (2004). Diet of two icefish species from the South Shetland Islands and Elephant Island, Champsocephalus gunnari and Chaenocephalus aceratus. Polar Biology, 27(2), 119-129.",Gut content
Chaenocephalus aceratus ,Euphausia superba,"Kock, K. H., Barrera-Oro, E., Belchier, M., Collins, M. A., Duhamel, G., Hanchet, S., ... & Williams, R. (2012). The role of fish as predators of krill (Euphausia superba) and other pelagic resources in the Southern Ocean. CCAMLR Science, 19, 115-169",Gut content
Chaenocephalus aceratus ,Octopus sp.,L. Torre (pers. comm.),In situ observation
Copepods,Phytoplankton,"Hopkins, T. L. (1985). Food web of an Antarctic midwater ecosystem. Marine Biology, 89(2), 197-212.",Gut content
Copepods,Zooplankton,"Hopkins, T. L. (1985). Food web of an Antarctic midwater ecosystem. Marine Biology, 89(2), 197-212.",Gut content
Dendrilla antartica,Benthic diatoms,L. Torre (pers. comm.),In situ observation
Dendrilla antartica,Fresh detritus,L. Torre (pers. comm.),In situ observation
Diplasterias brucei,Neobuccinum eatoni,"Caspers, H. (1979). Internationale Revue der gesamten Hydrobiologie und Hydrographie, 64(6), 839-840.",In situ observation
Euphausia superba,Phytoplankton,"Mauchline, J. (1979). Studies on Patches of Krill: Euphausia Superba Dana. publisher not identified.",Gut content
Euphausia superba,Zooplankton,"Price, H. J., Boyd, K. R., & Boyd, C. M. (1988). Omnivorous feeding behavior of the Antarctic krill Euphausia superba. Marine Biology, 97(1), 67-77.",In vitro observation
Glyptonotus antarcticus,Nereidae ,"Dearborn, J. H. (1967). Food and reproduction of Glyptonotus antarcticus (Crustacea: Isopoda) at McMurdo Sound, Antarctica. Transactions Roy. Soc. NZ, 8, 163-168.",In situ observation
Glyptonotus antarcticus,Necromass,"Dearborn, J. H. (1967). Food and reproduction of Glyptonotus antarcticus (Crustacea: Isopoda) at McMurdo Sound, Antarctica. Transactions Roy. Soc. NZ, 8, 163-168.",In situ observation
Glyptonotus antarcticus,Bovallia gigantea,"Bone, D. G. (1972). Aspects of the biology of the Antarctic amphipod Bovallia gigantia Pfeffer at Signy Island, South Orkney Islands.",Gut content
Glyptonotus antarcticus,Necromass,"Presler, P. (1986). Necrophagous invertebrates of the Admiralty Bay of King George Island(South Shetland Islands, Antarctica). Polish Polar Research/Polskie Badania Polarne, 7(1), 25-61.",In vitro observation
Gondogeneia antarctica,Iridaea cordata,"Amsler, C. D., Iken, K., McClintock, J. B., Amsler, M. O., Peters, K. J., Hubbard, J. M., ... & Baker, B. J. (2005). Comprehensive evaluation of the palatability and chemical defenses of subtidal macroalgae from the Antarctic Peninsula. Marine ecology. Progress series, 294, 141-159.",In vitro observation
Gondogeneia antarctica,Myriogramme manginii,"Amsler, C. D., Iken, K., McClintock, J. B., Amsler, M. O., Peters, K. J., Hubbard, J. M., ... & Baker, B. J. (2005). Comprehensive evaluation of the palatability and chemical defenses of subtidal macroalgae from the Antarctic Peninsula. Marine ecology. Progress series, 294, 141-159.",In vitro observation
Gondogeneia antarctica,Plocamium cartilagineum,"Amsler, C. D., Iken, K., McClintock, J. B., Amsler, M. O., Peters, K. J., Hubbard, J. M., ... & Baker, B. J. (2005). Comprehensive evaluation of the palatability and chemical defenses of subtidal macroalgae from the Antarctic Peninsula. Marine ecology. Progress series, 294, 141-159.",In vitro observation
Gondogeneia antarctica,Adenocystis utricularis,"Amsler, C. D., Iken, K., McClintock, J. B., Amsler, M. O., Peters, K. J., Hubbard, J. M., ... & Baker, B. J. (2005). Comprehensive evaluation of the palatability and chemical defenses of subtidal macroalgae from the Antarctic Peninsula. Marine ecology. Progress series, 294, 141-159.",In vitro observation
Gondogeneia antarctica,Desmarestia anceps,"Amsler, C. D., Iken, K., McClintock, J. B., Amsler, M. O., Peters, K. J., Hubbard, J. M., ... & Baker, B. J. (2005). Comprehensive evaluation of the palatability and chemical defenses of subtidal macroalgae from the Antarctic Peninsula. Marine ecology. Progress series, 294, 141-159.",In vitro observation
Gondogeneia antarctica,Desmarestia antarctica,"Amsler, C. D., Iken, K., McClintock, J. B., Amsler, M. O., Peters, K. J., Hubbard, J. M., ... & Baker, B. J. (2005). Comprehensive evaluation of the palatability and chemical defenses of subtidal macroalgae from the Antarctic Peninsula. Marine ecology. Progress series, 294, 141-159.",In vitro observation
Gondogeneia antarctica,Desmarestia menziesii,"Amsler, C. D., Iken, K., McClintock, J. B., Amsler, M. O., Peters, K. J., Hubbard, J. M., ... & Baker, B. J. (2005). Comprehensive evaluation of the palatability and chemical defenses of subtidal macroalgae from the Antarctic Peninsula. Marine ecology. Progress series, 294, 141-159.",In vitro observation
Gondogeneia antarctica,Phaeurus antarcticus ,"Amsler, C. D., Iken, K., McClintock, J. B., Amsler, M. O., Peters, K. J., Hubbard, J. M., ... & Baker, B. J. (2005). Comprehensive evaluation of the palatability and chemical defenses of subtidal macroalgae from the Antarctic Peninsula. Marine ecology. Progress series, 294, 141-159.",In vitro observation
Gondogeneia antarctica,Gigartina skottsbergii,"Huang, Y. M., McClintock, J. B., Amsler, C. D., Peters, K. J., & Baker, B. J. (2006). Feeding rates of common Antarctic gammarid amphipods on ecologically important sympatric macroalgae. Journal of In vitro observation Marine Biology and Ecology, 329(1), 55-65.",In vitro observation
Gondogeneia antarctica,Iridaea cordata,"Huang, Y. M., McClintock, J. B., Amsler, C. D., Peters, K. J., & Baker, B. J. (2006). Feeding rates of common Antarctic gammarid amphipods on ecologically important sympatric macroalgae. Journal of In vitro observation Marine Biology and Ecology, 329(1), 55-65.",In vitro observation
Gondogeneia antarctica,Myriogramme manginii,"Huang, Y. M., McClintock, J. B., Amsler, C. D., Peters, K. J., & Baker, B. J. (2006). Feeding rates of common Antarctic gammarid amphipods on ecologically important sympatric macroalgae. Journal of In vitro observation Marine Biology and Ecology, 329(1), 55-65.",In vitro observation
Gondogeneia antarctica,Palmaria decipiens,"Huang, Y. M., McClintock, J. B., Amsler, C. D., Peters, K. J., & Baker, B. J. (2006). Feeding rates of common Antarctic gammarid amphipods on ecologically important sympatric macroalgae. Journal of In vitro observation Marine Biology and Ecology, 329(1), 55-65.",In vitro observation
Gondogeneia antarctica,Plocamium cartilagineum,"Huang, Y. M., McClintock, J. B., Amsler, C. D., Peters, K. J., & Baker, B. J. (2006). Feeding rates of common Antarctic gammarid amphipods on ecologically important sympatric macroalgae. Journal of In vitro observation Marine Biology and Ecology, 329(1), 55-65.",In vitro observation
Gondogeneia antarctica,Desmarestia anceps,"Huang, Y. M., McClintock, J. B., Amsler, C. D., Peters, K. J., & Baker, B. J. (2006). Feeding rates of common Antarctic gammarid amphipods on ecologically important sympatric macroalgae. Journal of In vitro observation Marine Biology and Ecology, 329(1), 55-65.",In vitro observation
Gondogeneia antarctica,Desmarestia antarctica,"Huang, Y. M., McClintock, J. B., Amsler, C. D., Peters, K. J., & Baker, B. J. (2006). Feeding rates of common Antarctic gammarid amphipods on ecologically important sympatric macroalgae. Journal of In vitro observation Marine Biology and Ecology, 329(1), 55-65.",In vitro observation
Gondogeneia antarctica,Desmarestia menziesii,"Huang, Y. M., McClintock, J. B., Amsler, C. D., Peters, K. J., & Baker, B. J. (2006). Feeding rates of common Antarctic gammarid amphipods on ecologically important sympatric macroalgae. Journal of In vitro observation Marine Biology and Ecology, 329(1), 55-65.",In vitro observation
Gondogeneia antarctica,Adenocystis utricularis,"Iken, K., Amsler, C. D., Amsler, M. O., McClintock, J. B., & Baker, B. J. (2009). Field studies on deterrent properties of phlorotannins in Antarctic brown algae. Botanica Marina, 52(6), 547-557.",In vitro observation
Gondogeneia antarctica,Desmarestia anceps,"Iken, K., Amsler, C. D., Amsler, M. O., McClintock, J. B., & Baker, B. J. (2009). Field studies on deterrent properties of phlorotannins in Antarctic brown algae. Botanica Marina, 52(6), 547-557.",In vitro observation
Gondogeneia antarctica,Desmarestia menziesii,"Iken, K., Amsler, C. D., Amsler, M. O., McClintock, J. B., & Baker, B. J. (2009). Field studies on deterrent properties of phlorotannins in Antarctic brown algae. Botanica Marina, 52(6), 547-557.",In vitro observation
Gondogeneia antarctica,Palmaria decipiens,"Aumack, C. F., Amsler, C. D., McClintock, J. B., & Baker, B. J. (2011). Changes in amphipod densities among macroalgal habitats in day versus night collections along the Western Antarctic Peninsula. Marine biology, 158(8), 1879-1885.",In vitro observation
Gondogeneia antarctica,Palmaria decipiens,"Bucolo, P., Amsler, C. D., McClintock, J. B., & Baker, B. J. (2011). Palatability of the Antarctic rhodophyte Palmaria decipiens (Reinsch) RW Ricker and its endo/epiphyte Elachista antarctica Skottsberg to sympatric amphipods. Journal of In vitro observation Marine Biology and Ecology, 396(2), 202-206.",In vitro observation
Haliclonidae,Benthic diatoms,L. Torre (pers. comm.),In situ observation
Haliclonidae,Fresh detritus,L. Torre (pers. comm.),In situ observation
Harpagifer antarcticus ,Nereidae ,"Casaux, R. (1998). The contrasting diet of Harpagifer antarcticus (Notothenioidei, Harpagiferidae) at two localities of the South Shetland Islands, Antarctica. Polar Biology, 19(4), 283-285.",Gut content
Harpagifer antarcticus ,Margarella antarctica,"Casaux, R. (1998). The contrasting diet of Harpagifer antarcticus (Notothenioidei, Harpagiferidae) at two localities of the South Shetland Islands, Antarctica. Polar Biology, 19(4), 283-285.",Gut content
Harpagifer antarcticus ,Eatoniella sp.,"Casaux, R. (1998). The contrasting diet of Harpagifer antarcticus (Notothenioidei, Harpagiferidae) at two localities of the South Shetland Islands, Antarctica. Polar Biology, 19(4), 283-285.",Gut content
Harpagifer antarcticus ,Nacella concinna,"Casaux, R. (1998). The contrasting diet of Harpagifer antarcticus (Notothenioidei, Harpagiferidae) at two localities of the South Shetland Islands, Antarctica. Polar Biology, 19(4), 283-285.",Gut content
Harpagifer antarcticus ,Neobuccinum eatoni,"Casaux, R. (1998). The contrasting diet of Harpagifer antarcticus (Notothenioidei, Harpagiferidae) at two localities of the South Shetland Islands, Antarctica. Polar Biology, 19(4), 283-285.",Gut content
Harpagifer antarcticus ,Gondogeneia antarctica,"Casaux, R. (1998). The contrasting diet of Harpagifer antarcticus (Notothenioidei, Harpagiferidae) at two localities of the South Shetland Islands, Antarctica. Polar Biology, 19(4), 283-285.",Gut content
Harpagifer antarcticus ,Nereidae ,"Barrera-Oro, E. (2003). Analysis of dietary overlap in Antarctic fish (Notothenioidei) from the South Shetland Islands: no evidence of food competition. Polar Biology, 26(10), 631-637.",Gut content
Harpagifer antarcticus ,Euphausia superba,"Barrera-Oro, E. (2003). Analysis of dietary overlap in Antarctic fish (Notothenioidei) from the South Shetland Islands: no evidence of food competition. Polar Biology, 26(10), 631-637.",Gut content
Harpagifer antarcticus ,Gondogeneia antarctica,"Barrera-Oro, E. (2003). Analysis of dietary overlap in Antarctic fish (Notothenioidei) from the South Shetland Islands: no evidence of food competition. Polar Biology, 26(10), 631-637.",Gut content
Hydrozoa,Zooplankton,"Gili, J. M., Alvà, V., Coma, R., Orejas, C., Pagès, F., Ribes, M., ... & Hughes, R. G. (1998). The impact of small benthic passive suspension feeders in shallow marine ecosystems: the hydroids as an example. Zoologische verhandelingen, 323(8), 99-105.",In vitro observation
Hyperiids,Euphausia superba,"Pakhomov, E. A., & Perissinotto, R. (1996). Trophodynamics of the hyperiid amphipod Themisto gaudichaudi in the South Georgia region during late austral summer. Marine ecology progress series. Oldendorf, 134(1), 91-100.",Gut content
Hyperiids,Copepods,"Pakhomov, E. A., & Perissinotto, R. (1996). Trophodynamics of the hyperiid amphipod Themisto gaudichaudi in the South Georgia region during late austral summer. Marine ecology progress series. Oldendorf, 134(1), 91-100.",Gut content
Hyperiids,Zooplankton,"Pakhomov, E. A., & Perissinotto, R. (1996). Trophodynamics of the hyperiid amphipod Themisto gaudichaudi in the South Georgia region during late austral summer. Marine ecology progress series. Oldendorf, 134(1), 91-100.",Gut content
Hippomedon kergueleni,Necromass,"Jażdżewska, A. (2009). Antarctic necrophagous lysianassoids from a stranded fur seal carcass. Polish Polar Research, 30(1), 29-36.",Gut content
Laevilacunaria antarctica,Curdiea racovitzae,"Iken, K. (1999). Feeding ecology of the Antarctic herbivorous gastropod Laevilacunaria antarctica Martens. Journal of In vitro observation Marine Biology and Ecology, 236(1), 133-148.",In vitro observation
Laevilacunaria antarctica,Georgiella confluens ,"Iken, K. (1999). Feeding ecology of the Antarctic herbivorous gastropod Laevilacunaria antarctica Martens. Journal of In vitro observation Marine Biology and Ecology, 236(1), 133-148.",In vitro observation
Laevilacunaria antarctica,Gigartina skottsbergii,"Iken, K. (1999). Feeding ecology of the Antarctic herbivorous gastropod Laevilacunaria antarctica Martens. Journal of In vitro observation Marine Biology and Ecology, 236(1), 133-148.",In vitro observation
Laevilacunaria antarctica,Iridaea cordata,"Iken, K. (1999). Feeding ecology of the Antarctic herbivorous gastropod Laevilacunaria antarctica Martens. Journal of In vitro observation Marine Biology and Ecology, 236(1), 133-148.",In vitro observation
Laevilacunaria antarctica,Palmaria decipiens,"Iken, K. (1999). Feeding ecology of the Antarctic herbivorous gastropod Laevilacunaria antarctica Martens. Journal of In vitro observation Marine Biology and Ecology, 236(1), 133-148.",In vitro observation
Laevilacunaria antarctica,Plocamium cartilagineum,"Iken, K. (1999). Feeding ecology of the Antarctic herbivorous gastropod Laevilacunaria antarctica Martens. Journal of In vitro observation Marine Biology and Ecology, 236(1), 133-148.",In vitro observation
Laevilacunaria antarctica,Adenocystis utricularis,"Iken, K. (1999). Feeding ecology of the Antarctic herbivorous gastropod Laevilacunaria antarctica Martens. Journal of In vitro observation Marine Biology and Ecology, 236(1), 133-148.",In vitro observation
Laevilacunaria antarctica,Desmarestia menziesii,"Iken, K. (1999). Feeding ecology of the Antarctic herbivorous gastropod Laevilacunaria antarctica Martens. Journal of In vitro observation Marine Biology and Ecology, 236(1), 133-148.",In vitro observation
Laevilacunaria antarctica,Monostroma hariotii,"Iken, K. (1999). Feeding ecology of the Antarctic herbivorous gastropod Laevilacunaria antarctica Martens. Journal of In vitro observation Marine Biology and Ecology, 236(1), 133-148.",In vitro observation
Laternulla elliptica,Phytoplankton,"Ahn, I. Y. (1993). Enhanced particle flux through the biodeposition by the Antarctic suspension-feeding bivalve Laternula elliptica in Marian Cove, King George Island. Journal of In vitro observation Marine Biology and Ecology, 171(1), 75-90.",In vitro observation
Laternulla elliptica,Aged detritus,"Ahn, I. Y. (1993). Enhanced particle flux through the biodeposition by the Antarctic suspension-feeding bivalve Laternula elliptica in Marian Cove, King George Island. Journal of In vitro observation Marine Biology and Ecology, 171(1), 75-90.",In vitro observation
Lepidonotothen nudifrons,Nereidae ,"Daniels, R. A. (1982). Feeding ecology of some fishes of the Antarctic Peninsula. Fish Bull, 80(3), 575-588.",Gut content
Lepidonotothen nudifrons,Euphausia superba,"Daniels, R. A. (1982). Feeding ecology of some fishes of the Antarctic Peninsula. Fish Bull, 80(3), 575-590",Gut content
Lepidonotothen nudifrons,Euphausia superba,"Fanta, E., & Meyer, A. A. (1998). Behavioural strategies for feeding of six species of the Antarctic fish family Notothenioidei (Pisces, Notothenioidei) in a tank. ANTARCTIC RECORD-TOKYO-, 42, 227-243.",In vitro observation
Lepidonotothen nudifrons,Waldeckia obesa,"Fanta, E., & Meyer, A. A. (1998). Behavioural strategies for feeding of six species of the Antarctic fish family Notothenioidei (Pisces, Notothenioidei) in a tank. ANTARCTIC RECORD-TOKYO-, 42, 227-243.",In vitro observation
Lepidonotothen nudifrons,Euphausia superba,"Kock, K. H., Barrera-Oro, E., Belchier, M., Collins, M. A., Duhamel, G., Hanchet, S., ... & Williams, R. (2012). The role of fish as predators of krill (Euphausia superba) and other pelagic resources in the Southern Ocean. CCAMLR Science, 19, 115-169",Gut content
Malacobelmnon daytoni,Phytoplankton,"Best, B. A. (1988). Passive suspension feeding in a sea pen: effects of ambient flow on volume flow rate and filtering efficiency. The Biological Bulletin, 175(3), 332-342.",In vitro observation
Malacobelmnon daytoni,Zooplankton,"Kozloff, E. N. (1990). Invertebrates. Saunders College Pub..",In situ observation
Mycale acerata,Benthic diatoms,L. Torre (pers. comm.),In situ observation
Mycale acerata,Fresh detritus,L. Torre (pers. comm.),In situ observation
Nacella concinna,Benthic diatoms,"Brêthes, J. C., Ferreyra, G., & De La Vega, S. (1994). Distribution, growth and reproduction of the limpet Nacella (Patinigera) concinna (Strebel 1908) in relation to potential food availability, in Esperanza Bay (Antarctic Peninsula). Polar Biology, 14(3), 161-170.",In situ observation
Nacella concinna,Epiphytic diatoms,"Davenport, J. O. H. N. (1997). Comparisons of the biology of the intertidal subantarctic limpets Nacella concinna and Kerguelenella lateralis. Journal of Molluscan Studies, 63(1), 39-48",Gut content
Nacella concinna,Ascoseira mirabilis ,"Iken, K., Quartino, M. L., Barrera-Oro, E., Palermo, J., Wiencke, C., & Brey, T. (1998). Trophic relations between macroalgae and herbivores. Reports on polar and marine research, 299, 258-262.",Gut content
Nacella concinna,Ulothrix sp.,"Iken, K., Quartino, M. L., Barrera-Oro, E., Palermo, J., Wiencke, C., & Brey, T. (1998). Trophic relations between macroalgae and herbivores. Reports on polar and marine research, 299, 258-262.",Gut content
Neobuccinum eatoni,Necromass,"Presler, P. (1986). Necrophagous invertebrates of the Admiralty Bay of King George Island(South Shetland Islands, Antarctica). Polish Polar Research/Polskie Badania Polarne, 7(1), 25-61.",In vitro observation
Neobuccinum eatoni,Laternulla elliptica,L. Torre (pers. comm.),In situ observation
Notothenia coriiceps,Desmarestia antarctica,"Richardson, M. G. (1975). The dietary composition of some Antarctic fish. Br Antarct Surv Bull, 41(42), 113-120.",Gut content
Notothenia coriiceps,Desmarestia menziesii,"Richardson, M. G. (1975). The dietary composition of some Antarctic fish. Br Antarct Surv Bull, 41(42), 113-120.",Gut content
Notothenia coriiceps,Margarella antarctica,"Richardson, M. G. (1975). The dietary composition of some Antarctic fish. Br Antarct Surv Bull, 41(42), 113-120.",Gut content
Notothenia coriiceps,Nacella concinna,"Richardson, M. G. (1975). The dietary composition of some Antarctic fish. Br Antarct Surv Bull, 41(42), 113-120.",Gut content
Notothenia coriiceps,Paradexamine sp.,"Richardson, M. G. (1975). The dietary composition of some Antarctic fish. Br Antarct Surv Bull, 41(42), 113-120.",Gut content
Notothenia coriiceps,Eurymera monticulosa,"Richardson, M. G. (1975). The dietary composition of some Antarctic fish. Br Antarct Surv Bull, 41(42), 113-120.",Gut content
Notothenia coriiceps,Pontogeneiella sp.,"Richardson, M. G. (1975). The dietary composition of some Antarctic fish. Br Antarct Surv Bull, 41(42), 113-120.",Gut content
Notothenia coriiceps,Cheirimedon femoratus,"Richardson, M. G. (1975). The dietary composition of some Antarctic fish. Br Antarct Surv Bull, 41(42), 113-120.",Gut content
Notothenia coriiceps,Serolis sp.,"Richardson, M. G. (1975). The dietary composition of some Antarctic fish. Br Antarct Surv Bull, 41(42), 113-120.",Gut content
Notothenia coriiceps,Glyptonotus antarcticus,"Richardson, M. G. (1975). The dietary composition of some Antarctic fish. Br Antarct Surv Bull, 41(42), 113-120.",Gut content
Notothenia coriiceps,Nereidae ,"Linkowski, T. B., Presler, P., & Zukowski, C. (1983). Food habits of nototheniid fishes(Nototheniidae) in Admiralty Bay(King George Island, South Shetland Islands). Pol. Polar Res., 4(1), 79-96.",Gut content
Notothenia coriiceps,Laternulla elliptica,"Linkowski, T. B., Presler, P., & Zukowski, C. (1983). Food habits of nototheniid fishes(Nototheniidae) in Admiralty Bay(King George Island, South Shetland Islands). Pol. Polar Res., 4(1), 79-96.",Gut content
Notothenia coriiceps,Euphausia superba,"Linkowski, T. B., Presler, P., & Zukowski, C. (1983). Food habits of nototheniid fishes(Nototheniidae) in Admiralty Bay(King George Island, South Shetland Islands). Pol. Polar Res., 4(1), 79-96.",In vitro observation
Notothenia coriiceps,Eurymera monticulosa,"Linkowski, T. B., Presler, P., & Zukowski, C. (1983). Food habits of nototheniid fishes(Nototheniidae) in Admiralty Bay(King George Island, South Shetland Islands). Pol. Polar Res., 4(1), 79-96.",Gut content
Notothenia coriiceps,Pontogeneiella sp.,"Linkowski, T. B., Presler, P., & Zukowski, C. (1983). Food habits of nototheniid fishes(Nototheniidae) in Admiralty Bay(King George Island, South Shetland Islands). Pol. Polar Res., 4(1), 79-96.",Gut content
Notothenia coriiceps,Bovallia gigantea,"Linkowski, T. B., Presler, P., & Zukowski, C. (1983). Food habits of nototheniid fishes(Nototheniidae) in Admiralty Bay(King George Island, South Shetland Islands). Pol. Polar Res., 4(1), 79-96.",In vitro observation
Notothenia coriiceps,Cheirimedon femoratus,"Linkowski, T. B., Presler, P., & Zukowski, C. (1983). Food habits of nototheniid fishes(Nototheniidae) in Admiralty Bay(King George Island, South Shetland Islands). Pol. Polar Res., 4(1), 79-96.",Gut content
Notothenia coriiceps,Waldeckia obesa,"Linkowski, T. B., Presler, P., & Zukowski, C. (1983). Food habits of nototheniid fishes(Nototheniidae) in Admiralty Bay(King George Island, South Shetland Islands). Pol. Polar Res., 4(1), 79-96.",In vitro observation
Notothenia coriiceps,Hippomedon kergueleni,"Linkowski, T. B., Presler, P., & Zukowski, C. (1983). Food habits of nototheniid fishes(Nototheniidae) in Admiralty Bay(King George Island, South Shetland Islands). Pol. Polar Res., 4(1), 79-96.",Gut content
Notothenia coriiceps,Orchomene plebs,"Linkowski, T. B., Presler, P., & Zukowski, C. (1983). Food habits of nototheniid fishes(Nototheniidae) in Admiralty Bay(King George Island, South Shetland Islands). Pol. Polar Res., 4(1), 79-96.",Gut content
Notothenia coriiceps,Serolis sp.,"Linkowski, T. B., Presler, P., & Zukowski, C. (1983). Food habits of nototheniid fishes(Nototheniidae) in Admiralty Bay(King George Island, South Shetland Islands). Pol. Polar Res., 4(1), 79-96.",Gut content
Notothenia coriiceps,Glyptonotus antarcticus,"Linkowski, T. B., Presler, P., & Zukowski, C. (1983). Food habits of nototheniid fishes(Nototheniidae) in Admiralty Bay(King George Island, South Shetland Islands). Pol. Polar Res., 4(1), 79-96.",Gut content
Notothenia coriiceps,Copepods,"Linkowski, T. B., Presler, P., & Zukowski, C. (1983). Food habits of nototheniid fishes(Nototheniidae) in Admiralty Bay(King George Island, South Shetland Islands). Pol. Polar Res., 4(1), 79-96.",Gut content
Notothenia coriiceps,Ascidians,"Linkowski, T. B., Presler, P., & Zukowski, C. (1983). Food habits of nototheniid fishes(Nototheniidae) in Admiralty Bay(King George Island, South Shetland Islands). Pol. Polar Res., 4(1), 79-96.",Gut content
Notothenia coriiceps,Salpidae,"Linkowski, T. B., Presler, P., & Zukowski, C. (1983). Food habits of nototheniid fishes(Nototheniidae) in Admiralty Bay(King George Island, South Shetland Islands). Pol. Polar Res., 4(1), 79-96.",Gut content
Notothenia coriiceps,Curdiea racovitzae,"Iken, K., Barrera-Oro, E. R., Quartino, M. L., Casaux, R. J., & Brey, T. (1997). Grazing by the Antarctic fish Notothenia coriiceps: evidence for selective feeding on macroalgae. Antarctic Science, 9(04), 386-391.",Gut content
Notothenia coriiceps,Georgiella confluens ,"Iken, K., Barrera-Oro, E. R., Quartino, M. L., Casaux, R. J., & Brey, T. (1997). Grazing by the Antarctic fish Notothenia coriiceps: evidence for selective feeding on macroalgae. Antarctic Science, 9(04), 386-391.",Gut content
Notothenia coriiceps,Gigartina skottsbergii,"Iken, K., Barrera-Oro, E. R., Quartino, M. L., Casaux, R. J., & Brey, T. (1997). Grazing by the Antarctic fish Notothenia coriiceps: evidence for selective feeding on macroalgae. Antarctic Science, 9(04), 386-391.",Gut content
Notothenia coriiceps,Iridaea cordata,"Iken, K., Barrera-Oro, E. R., Quartino, M. L., Casaux, R. J., & Brey, T. (1997). Grazing by the Antarctic fish Notothenia coriiceps: evidence for selective feeding on macroalgae. Antarctic Science, 9(04), 386-391.",Gut content
Notothenia coriiceps,Palmaria decipiens,"Iken, K., Barrera-Oro, E. R., Quartino, M. L., Casaux, R. J., & Brey, T. (1997). Grazing by the Antarctic fish Notothenia coriiceps: evidence for selective feeding on macroalgae. Antarctic Science, 9(04), 386-391.",Gut content
Notothenia coriiceps,Pantoneura plocamioides ,"Iken, K., Barrera-Oro, E. R., Quartino, M. L., Casaux, R. J., & Brey, T. (1997). Grazing by the Antarctic fish Notothenia coriiceps: evidence for selective feeding on macroalgae. Antarctic Science, 9(04), 386-391.",Gut content
Notothenia coriiceps,Plocamium cartilagineum,"Iken, K., Barrera-Oro, E. R., Quartino, M. L., Casaux, R. J., & Brey, T. (1997). Grazing by the Antarctic fish Notothenia coriiceps: evidence for selective feeding on macroalgae. Antarctic Science, 9(04), 386-391.",Gut content
Notothenia coriiceps,Adenocystis utricularis,"Iken, K., Barrera-Oro, E. R., Quartino, M. L., Casaux, R. J., & Brey, T. (1997). Grazing by the Antarctic fish Notothenia coriiceps: evidence for selective feeding on macroalgae. Antarctic Science, 9(04), 386-391.",Gut content
Notothenia coriiceps,Ascoseira mirabilis ,"Iken, K., Barrera-Oro, E. R., Quartino, M. L., Casaux, R. J., & Brey, T. (1997). Grazing by the Antarctic fish Notothenia coriiceps: evidence for selective feeding on macroalgae. Antarctic Science, 9(04), 386-391.",In vitro observation
Notothenia coriiceps,Desmarestia antarctica,"Iken, K., Barrera-Oro, E. R., Quartino, M. L., Casaux, R. J., & Brey, T. (1997). Grazing by the Antarctic fish Notothenia coriiceps: evidence for selective feeding on macroalgae. Antarctic Science, 9(04), 386-391.",In vitro observation
Notothenia coriiceps,Desmarestia menziesii,"Iken, K., Barrera-Oro, E. R., Quartino, M. L., Casaux, R. J., & Brey, T. (1997). Grazing by the Antarctic fish Notothenia coriiceps: evidence for selective feeding on macroalgae. Antarctic Science, 9(04), 386-391.",Gut content
Notothenia coriiceps,Phaeurus antarcticus ,"Iken, K., Barrera-Oro, E. R., Quartino, M. L., Casaux, R. J., & Brey, T. (1997). Grazing by the Antarctic fish Notothenia coriiceps: evidence for selective feeding on macroalgae. Antarctic Science, 9(04), 386-391.",In vitro observation
Notothenia coriiceps,Urospora penicilliformis,"Iken, K., Barrera-Oro, E. R., Quartino, M. L., Casaux, R. J., & Brey, T. (1997). Grazing by the Antarctic fish Notothenia coriiceps: evidence for selective feeding on macroalgae. Antarctic Science, 9(04), 386-391.",Gut content
Notothenia coriiceps,Euphausia superba,"Fanta, E., & Meyer, A. A. (1998). Behavioural strategies for feeding of six species of the Antarctic fish family Notothenioidei (Pisces, Notothenioidei) in a tank. ANTARCTIC RECORD-TOKYO-, 42, 227-243.",In vitro observation
Notothenia coriiceps,Gondogeneia antarctica,"Fanta, E., & Meyer, A. A. (1998). Behavioural strategies for feeding of six species of the Antarctic fish family Notothenioidei (Pisces, Notothenioidei) in a tank. ANTARCTIC RECORD-TOKYO-, 42, 227-243.",In vitro observation
Notothenia coriiceps,Bovallia gigantea,"Fanta, E., & Meyer, A. A. (1998). Behavioural strategies for feeding of six species of the Antarctic fish family Notothenioidei (Pisces, Notothenioidei) in a tank. ANTARCTIC RECORD-TOKYO-, 42, 227-243.",In vitro observation
Notothenia coriiceps,Waldeckia obesa,"Fanta, E., & Meyer, A. A. (1998). Behavioural strategies for feeding of six species of the Antarctic fish family Notothenioidei (Pisces, Notothenioidei) in a tank. ANTARCTIC RECORD-TOKYO-, 42, 227-243.",In vitro observation
Notothenia coriiceps,Iridaea cordata,"Iken, K., Quartino, M. L., & Wiencke, C. (1999). Histological Identification of Macroalgae from Stomach Contents of the Antarctic Fish Notothenia coriiceps Using Semi‐thin Sections. Marine ecology, 20(1), 11-17.",Gut content
Notothenia coriiceps,Neuroglossum delesseriae,"Iken, K., Quartino, M. L., & Wiencke, C. (1999). Histological Identification of Macroalgae from Stomach Contents of the Antarctic Fish Notothenia coriiceps Using Semi‐thin Sections. Marine ecology, 20(1), 11-17.",Gut content
Notothenia coriiceps,Palmaria decipiens,"Iken, K., Quartino, M. L., & Wiencke, C. (1999). Histological Identification of Macroalgae from Stomach Contents of the Antarctic Fish Notothenia coriiceps Using Semi‐thin Sections. Marine ecology, 20(1), 11-17.",Gut content
Notothenia coriiceps,Plocamium cartilagineum,"Iken, K., Quartino, M. L., & Wiencke, C. (1999). Histological Identification of Macroalgae from Stomach Contents of the Antarctic Fish Notothenia coriiceps Using Semi‐thin Sections. Marine ecology, 20(1), 11-17.",Gut content
Notothenia coriiceps,Adenocystis utricularis,"Iken, K., Quartino, M. L., & Wiencke, C. (1999). Histological Identification of Macroalgae from Stomach Contents of the Antarctic Fish Notothenia coriiceps Using Semi‐thin Sections. Marine ecology, 20(1), 11-17.",Gut content
Notothenia coriiceps,Desmarestia menziesii,"Iken, K., Quartino, M. L., & Wiencke, C. (1999). Histological Identification of Macroalgae from Stomach Contents of the Antarctic Fish Notothenia coriiceps Using Semi‐thin Sections. Marine ecology, 20(1), 11-17.",Gut content
Notothenia coriiceps,Monostroma hariotii,"Iken, K., Quartino, M. L., & Wiencke, C. (1999). Histological Identification of Macroalgae from Stomach Contents of the Antarctic Fish Notothenia coriiceps Using Semi‐thin Sections. Marine ecology, 20(1), 11-17.",Gut content
Notothenia coriiceps,Urospora penicilliformis,"Iken, K., Quartino, M. L., & Wiencke, C. (1999). Histological Identification of Macroalgae from Stomach Contents of the Antarctic Fish Notothenia coriiceps Using Semi‐thin Sections. Marine ecology, 20(1), 11-17.",Gut content
Notothenia coriiceps,Nereidae ,"Barrera-Oro, E. (2003). Analysis of dietary overlap in Antarctic fish (Notothenioidei) from the South Shetland Islands: no evidence of food competition. Polar Biology, 26(10), 631-637.",Gut content
Notothenia coriiceps,Euphausia superba,"Barrera-Oro, E. (2003). Analysis of dietary overlap in Antarctic fish (Notothenioidei) from the South Shetland Islands: no evidence of food competition. Polar Biology, 26(10), 631-637.",Gut content
Notothenia coriiceps,Hyperiids,"Barrera-Oro, E. (2003). Analysis of dietary overlap in Antarctic fish (Notothenioidei) from the South Shetland Islands: no evidence of food competition. Polar Biology, 26(10), 631-637.",Gut content
Notothenia coriiceps,Copepods,"Barrera-Oro, E. (2003). Analysis of dietary overlap in Antarctic fish (Notothenioidei) from the South Shetland Islands: no evidence of food competition. Polar Biology, 26(10), 631-637.",Gut content
Notothenia coriiceps,Octopus sp.,"Barrera-Oro, E. (2003). Analysis of dietary overlap in Antarctic fish (Notothenioidei) from the South Shetland Islands: no evidence of food competition. Polar Biology, 26(10), 631-637.",Gut content
Notothenia coriiceps,Salpidae,"Barrera-Oro, E. (2003). Analysis of dietary overlap in Antarctic fish (Notothenioidei) from the South Shetland Islands: no evidence of food competition. Polar Biology, 26(10), 631-637.",Gut content
Notothenia coriiceps,Callophyllis atrosanguinea ,"Amsler, C. D., Iken, K., McClintock, J. B., Amsler, M. O., Peters, K. J., Hubbard, J. M., ... & Baker, B. J. (2005). Comprehensive evaluation of the palatability and chemical defenses of subtidal macroalgae from the Antarctic Peninsula. Marine ecology. Progress series, 294, 141-159.",In vitro observation
Notothenia coriiceps,Curdiea racovitzae,"Amsler, C. D., Iken, K., McClintock, J. B., Amsler, M. O., Peters, K. J., Hubbard, J. M., ... & Baker, B. J. (2005). Comprehensive evaluation of the palatability and chemical defenses of subtidal macroalgae from the Antarctic Peninsula. Marine ecology. Progress series, 294, 141-159.",In vitro observation
Notothenia coriiceps,Gigartina skottsbergii,"Amsler, C. D., Iken, K., McClintock, J. B., Amsler, M. O., Peters, K. J., Hubbard, J. M., ... & Baker, B. J. (2005). Comprehensive evaluation of the palatability and chemical defenses of subtidal macroalgae from the Antarctic Peninsula. Marine ecology. Progress series, 294, 141-159.",In vitro observation
Notothenia coriiceps,Iridaea cordata,"Amsler, C. D., Iken, K., McClintock, J. B., Amsler, M. O., Peters, K. J., Hubbard, J. M., ... & Baker, B. J. (2005). Comprehensive evaluation of the palatability and chemical defenses of subtidal macroalgae from the Antarctic Peninsula. Marine ecology. Progress series, 294, 141-159.",In vitro observation
Notothenia coriiceps,Palmaria decipiens,"Amsler, C. D., Iken, K., McClintock, J. B., Amsler, M. O., Peters, K. J., Hubbard, J. M., ... & Baker, B. J. (2005). Comprehensive evaluation of the palatability and chemical defenses of subtidal macroalgae from the Antarctic Peninsula. Marine ecology. Progress series, 294, 141-159.",In vitro observation
Notothenia coriiceps,Pantoneura plocamioides ,"Amsler, C. D., Iken, K., McClintock, J. B., Amsler, M. O., Peters, K. J., Hubbard, J. M., ... & Baker, B. J. (2005). Comprehensive evaluation of the palatability and chemical defenses of subtidal macroalgae from the Antarctic Peninsula. Marine ecology. Progress series, 294, 141-159.",In vitro observation
Notothenia coriiceps,Picconiella plumosa ,"Amsler, C. D., Iken, K., McClintock, J. B., Amsler, M. O., Peters, K. J., Hubbard, J. M., ... & Baker, B. J. (2005). Comprehensive evaluation of the palatability and chemical defenses of subtidal macroalgae from the Antarctic Peninsula. Marine ecology. Progress series, 294, 141-159.",In vitro observation
Notothenia coriiceps,Plocamium cartilagineum,"Amsler, C. D., Iken, K., McClintock, J. B., Amsler, M. O., Peters, K. J., Hubbard, J. M., ... & Baker, B. J. (2005). Comprehensive evaluation of the palatability and chemical defenses of subtidal macroalgae from the Antarctic Peninsula. Marine ecology. Progress series, 294, 141-159.",In vitro observation
Notothenia coriiceps,Pyropia plocamiestris ,"Amsler, C. D., Iken, K., McClintock, J. B., Amsler, M. O., Peters, K. J., Hubbard, J. M., ... & Baker, B. J. (2005). Comprehensive evaluation of the palatability and chemical defenses of subtidal macroalgae from the Antarctic Peninsula. Marine ecology. Progress series, 294, 141-159.",In vitro observation
Notothenia coriiceps,Trematocarpus antarcticus,"Amsler, C. D., Iken, K., McClintock, J. B., Amsler, M. O., Peters, K. J., Hubbard, J. M., ... & Baker, B. J. (2005). Comprehensive evaluation of the palatability and chemical defenses of subtidal macroalgae from the Antarctic Peninsula. Marine ecology. Progress series, 294, 141-159.",In vitro observation
Notothenia coriiceps,Adenocystis utricularis,"Amsler, C. D., Iken, K., McClintock, J. B., Amsler, M. O., Peters, K. J., Hubbard, J. M., ... & Baker, B. J. (2005). Comprehensive evaluation of the palatability and chemical defenses of subtidal macroalgae from the Antarctic Peninsula. Marine ecology. Progress series, 294, 141-159.",In vitro observation
Notothenia coriiceps,Ascoseira mirabilis ,"Amsler, C. D., Iken, K., McClintock, J. B., Amsler, M. O., Peters, K. J., Hubbard, J. M., ... & Baker, B. J. (2005). Comprehensive evaluation of the palatability and chemical defenses of subtidal macroalgae from the Antarctic Peninsula. Marine ecology. Progress series, 294, 141-159.",In vitro observation
Notothenia coriiceps,Desmarestia antarctica,"Amsler, C. D., Iken, K., McClintock, J. B., Amsler, M. O., Peters, K. J., Hubbard, J. M., ... & Baker, B. J. (2005). Comprehensive evaluation of the palatability and chemical defenses of subtidal macroalgae from the Antarctic Peninsula. Marine ecology. Progress series, 294, 141-159.",In vitro observation
Notothenia coriiceps,Desmarestia menziesii,"Amsler, C. D., Iken, K., McClintock, J. B., Amsler, M. O., Peters, K. J., Hubbard, J. M., ... & Baker, B. J. (2005). Comprehensive evaluation of the palatability and chemical defenses of subtidal macroalgae from the Antarctic Peninsula. Marine ecology. Progress series, 294, 141-159.",In vitro observation
Notothenia coriiceps,Phaeurus antarcticus ,"Amsler, C. D., Iken, K., McClintock, J. B., Amsler, M. O., Peters, K. J., Hubbard, J. M., ... & Baker, B. J. (2005). Comprehensive evaluation of the palatability and chemical defenses of subtidal macroalgae from the Antarctic Peninsula. Marine ecology. Progress series, 294, 141-159.",In vitro observation
Notothenia coriiceps,Lambia antarctica ,"Amsler, C. D., Iken, K., McClintock, J. B., Amsler, M. O., Peters, K. J., Hubbard, J. M., ... & Baker, B. J. (2005). Comprehensive evaluation of the palatability and chemical defenses of subtidal macroalgae from the Antarctic Peninsula. Marine ecology. Progress series, 294, 141-159.",In vitro observation
Notothenia coriiceps,Adenocystis utricularis,"Iken, K., Amsler, C. D., Amsler, M. O., McClintock, J. B., & Baker, B. J. (2009). Field studies on deterrent properties of phlorotannins in Antarctic brown algae. Botanica Marina, 52(6), 547-557.",In vitro observation
Notothenia coriiceps,Ascoseira mirabilis ,"Iken, K., Amsler, C. D., Amsler, M. O., McClintock, J. B., & Baker, B. J. (2009). Field studies on deterrent properties of phlorotannins in Antarctic brown algae. Botanica Marina, 52(6), 547-557.",In vitro observation
Notothenia coriiceps,Desmarestia antarctica,"Iken, K., Amsler, C. D., Amsler, M. O., McClintock, J. B., & Baker, B. J. (2009). Field studies on deterrent properties of phlorotannins in Antarctic brown algae. Botanica Marina, 52(6), 547-557.",In vitro observation
Notothenia coriiceps,Desmarestia menziesii,"Iken, K., Amsler, C. D., Amsler, M. O., McClintock, J. B., & Baker, B. J. (2009). Field studies on deterrent properties of phlorotannins in Antarctic brown algae. Botanica Marina, 52(6), 547-557.",In vitro observation
Notothenia coriiceps,Phaeurus antarcticus ,"Iken, K., Amsler, C. D., Amsler, M. O., McClintock, J. B., & Baker, B. J. (2009). Field studies on deterrent properties of phlorotannins in Antarctic brown algae. Botanica Marina, 52(6), 547-557.",In vitro observation
Notothenia coriiceps,Lambia antarctica ,"Zamzow, J. P., Aumack, C. F., Amsler, C. D., McClintock, J. B., Amsler, M. O., & Baker, B. J. (2011). Gut contents and stable isotope analyses of the Antarctic fish, Notothenia coriiceps (Richardson), from two macroalgal communities. Antarctic Science, 23(02), 107-116.",Gut content
Notothenia coriiceps,Nereidae ,"Zamzow, J. P., Aumack, C. F., Amsler, C. D., McClintock, J. B., Amsler, M. O., & Baker, B. J. (2011). Gut contents and stable isotope analyses of the Antarctic fish, Notothenia coriiceps (Richardson), from two macroalgal communities. Antarctic Science, 23(02), 107-116.",Gut content
Notothenia coriiceps,Nacella concinna,"Zamzow, J. P., Aumack, C. F., Amsler, C. D., McClintock, J. B., Amsler, M. O., & Baker, B. J. (2011). Gut contents and stable isotope analyses of the Antarctic fish, Notothenia coriiceps (Richardson), from two macroalgal communities. Antarctic Science, 23(02), 107-116.",Gut content
Notothenia coriiceps,Paradexamine sp.,"Zamzow, J. P., Aumack, C. F., Amsler, C. D., McClintock, J. B., Amsler, M. O., & Baker, B. J. (2011). Gut contents and stable isotope analyses of the Antarctic fish, Notothenia coriiceps (Richardson), from two macroalgal communities. Antarctic Science, 23(02), 107-116.",Gut content
Notothenia coriiceps,Eurymera monticulosa,"Zamzow, J. P., Aumack, C. F., Amsler, C. D., McClintock, J. B., Amsler, M. O., & Baker, B. J. (2011). Gut contents and stable isotope analyses of the Antarctic fish, Notothenia coriiceps (Richardson), from two macroalgal communities. Antarctic Science, 23(02), 107-116.",Gut content
Notothenia coriiceps,Gondogeneia antarctica,"Zamzow, J. P., Aumack, C. F., Amsler, C. D., McClintock, J. B., Amsler, M. O., & Baker, B. J. (2011). Gut contents and stable isotope analyses of the Antarctic fish, Notothenia coriiceps (Richardson), from two macroalgal communities. Antarctic Science, 23(02), 107-116.",Gut content
Notothenia coriiceps,Bovallia gigantea,"Zamzow, J. P., Aumack, C. F., Amsler, C. D., McClintock, J. B., Amsler, M. O., & Baker, B. J. (2011). Gut contents and stable isotope analyses of the Antarctic fish, Notothenia coriiceps (Richardson), from two macroalgal communities. Antarctic Science, 23(02), 107-116.",Gut content
Notothenia coriiceps,Serolis sp.,"Zamzow, J. P., Aumack, C. F., Amsler, C. D., McClintock, J. B., Amsler, M. O., & Baker, B. J. (2011). Gut contents and stable isotope analyses of the Antarctic fish, Notothenia coriiceps (Richardson), from two macroalgal communities. Antarctic Science, 23(02), 107-116.",Gut content
Notothenia coriiceps,Glyptonotus antarcticus,"Zamzow, J. P., Aumack, C. F., Amsler, C. D., McClintock, J. B., Amsler, M. O., & Baker, B. J. (2011). Gut contents and stable isotope analyses of the Antarctic fish, Notothenia coriiceps (Richardson), from two macroalgal communities. Antarctic Science, 23(02), 107-116.",Gut content
Notothenia coriiceps,Ophionotus victoriae,"Zamzow, J. P., Aumack, C. F., Amsler, C. D., McClintock, J. B., Amsler, M. O., & Baker, B. J. (2011). Gut contents and stable isotope analyses of the Antarctic fish, Notothenia coriiceps (Richardson), from two macroalgal communities. Antarctic Science, 23(02), 107-116.",Gut content
Notothenia coriiceps,Squids,"Zamzow, J. P., Aumack, C. F., Amsler, C. D., McClintock, J. B., Amsler, M. O., & Baker, B. J. (2011). Gut contents and stable isotope analyses of the Antarctic fish, Notothenia coriiceps (Richardson), from two macroalgal communities. Antarctic Science, 23(02), 107-116.",Gut content
Notothenia coriiceps,Ascidians,"Zamzow, J. P., Aumack, C. F., Amsler, C. D., McClintock, J. B., Amsler, M. O., & Baker, B. J. (2011). Gut contents and stable isotope analyses of the Antarctic fish, Notothenia coriiceps (Richardson), from two macroalgal communities. Antarctic Science, 23(02), 107-116.",Gut content
Notothenia coriiceps,Octopus sp.,"Zamzow, J. P., Aumack, C. F., Amsler, C. D., McClintock, J. B., Amsler, M. O., & Baker, B. J. (2011). Gut contents and stable isotope analyses of the Antarctic fish, Notothenia coriiceps (Richardson), from two macroalgal communities. Antarctic Science, 23(02), 107-116.",Gut content
Notothenia coriiceps,Nacella concinna,"Raga, G. (2012). Dieta e metabolismo de Notothenia Coriiceps (Richardson, 1844) e Notothenia Rossii (Richardson, 1844) na Baía do Almirantado-Ilha Rei George-Península Antártica.",Gut content
Notothenia coriiceps,Euphausia superba,"Kock, K. H., Barrera-Oro, E., Belchier, M., Collins, M. A., Duhamel, G., Hanchet, S., ... & Williams, R. (2012). The role of fish as predators of krill (Euphausia superba) and other pelagic resources in the Southern Ocean. CCAMLR Science, 19, 115-169.",Gut content
Notothenia coriiceps,Salpidae,"Raga, G. (2012). Dieta e metabolismo de Notothenia Coriiceps (Richardson, 1844) e Notothenia Rossii (Richardson, 1844) na Baía do Almirantado-Ilha Rei George-Península Antártica.",Gut content
Notothenia rossii,Nereidae ,"Linkowski, T. B., Presler, P., & Zukowski, C. (1983). Food habits of nototheniid fishes(Nototheniidae) in Admiralty Bay(King George Island, South Shetland Islands). Pol. Polar Res., 4(1), 79-96.",Gut content
Notothenia rossii,Euphausia superba,"Linkowski, T. B., Presler, P., & Zukowski, C. (1983). Food habits of nototheniid fishes(Nototheniidae) in Admiralty Bay(King George Island, South Shetland Islands). Pol. Polar Res., 4(1), 79-96.",Gut content
Notothenia rossii,Nereidae ,"Barrera-Oro, E. (2003). Analysis of dietary overlap in Antarctic fish (Notothenioidei) from the South Shetland Islands: no evidence of food competition. Polar Biology, 26(10), 631-637.",Gut content
Notothenia rossii,Euphausia superba,"Barrera-Oro, E. (2003). Analysis of dietary overlap in Antarctic fish (Notothenioidei) from the South Shetland Islands: no evidence of food competition. Polar Biology, 26(10), 631-637.",Gut content
Notothenia rossii,Octopus sp.,"Barrera-Oro, E. (2003). Analysis of dietary overlap in Antarctic fish (Notothenioidei) from the South Shetland Islands: no evidence of food competition. Polar Biology, 26(10), 631-637.",Gut content
Notothenia rossii,Aged detritus,"Raga, G. (2012). Dieta e metabolismo de Notothenia Coriiceps (Richardson, 1844) e Notothenia Rossii (Richardson, 1844) na Baía do Almirantado-Ilha Rei George-Península Antártica.",Gut content
Notothenia rossii,Nereidae ,"Raga, G. (2012). Dieta e metabolismo de Notothenia Coriiceps (Richardson, 1844) e Notothenia Rossii (Richardson, 1844) na Baía do Almirantado-Ilha Rei George-Península Antártica.",Gut content
Notothenia rossii,Euphausia superba,"Raga, G. (2012). Dieta e metabolismo de Notothenia Coriiceps (Richardson, 1844) e Notothenia Rossii (Richardson, 1844) na Baía do Almirantado-Ilha Rei George-Península Antártica.",Gut content
Notothenia rossii,Euphausia superba,"Kock, K. H., Barrera-Oro, E., Belchier, M., Collins, M. A., Duhamel, G., Hanchet, S., ... & Williams, R. (2012). The role of fish as predators of krill (Euphausia superba) and other pelagic resources in the Southern Ocean. CCAMLR Science, 19, 115-169.",Gut content
Octopus sp.,Glyptonotus antarcticus,"Underwater Field Guide to Ross Island & McMurdo Sound, Antarctica. Scripps Institution of Oceanography Library, 1999.",In situ observation
Odontaster  validus,Fresh detritus,"Dayton, P. K., Robilliard, G. A., Paine, R. T., & Dayton, L. B. (1974). Biological accommodation in the benthic community at McMurdo Sound, Antarctica. Ecological Monographs, 105-128.",In vitro observation
Odontaster  validus,Mycale acerata,"Dayton, P. K., Robilliard, G. A., Paine, R. T., & Dayton, L. B. (1974). Biological accommodation in the benthic community at McMurdo Sound, Antarctica. Ecological Monographs, 105-128.",In vitro observation
Odontaster  validus,Haliclonidae,"Dayton, P. K., Robilliard, G. A., Paine, R. T., & Dayton, L. B. (1974). Biological accommodation in the benthic community at McMurdo Sound, Antarctica. Ecological Monographs, 105-128.",In vitro observation
Odontaster  validus,Rosella antartica,"Dayton, P. K., Robilliard, G. A., Paine, R. T., & Dayton, L. B. (1974). Biological accommodation in the benthic community at McMurdo Sound, Antarctica. Ecological Monographs, 105-128.",In vitro observation
Odontaster  validus,Rosella sp.,"Dayton, P. K., Robilliard, G. A., Paine, R. T., & Dayton, L. B. (1974). Biological accommodation in the benthic community at McMurdo Sound, Antarctica. Ecological Monographs, 105-128.",In vitro observation
Odontaster  validus,Benthic diatoms,"Caspers, H. (1979). Internationale Revue der gesamten Hydrobiologie und Hydrographie, 64(6), 839-840.",
Odontaster  validus,Nereidae ,"Caspers, H. (1979). Internationale Revue der gesamten Hydrobiologie und Hydrographie, 64(6), 839-840.",
Odontaster  validus,Neobuccinum eatoni,"Caspers, H. (1979). Internationale Revue der gesamten Hydrobiologie und Hydrographie, 64(6), 839-840.",
Odontaster  validus,Mycale acerata,"McClintock, J. B. (1987). Investigation of the relationship between invertebrate predation and biochemical composition, energy content, spicule armament and toxicity of benthic sponges at McMurdo Sound, Antarctica. Marine Biology, 94(3), 479-487.",In vitro observation
Odontaster  validus,Austrodoris kerguelensis,"Iken, K. (1999). Feeding ecology of the Antarctic herbivorous gastropod Laevilacunaria antarctica Martens. Journal of In vitro observation Marine Biology and Ecology, 236(1), 133-148.",In vitro observation
Odontaster  validus,Mycale acerata,"Peters, K. J., Amsler, C. D., McClintock, J. B., van Soest, R. W., & Baker, B. J. (2009). Palatability and chemical defenses of sponges from the western Antarctic Peninsula. Marine Ecology Progress Series, 385, 77-85.",In vitro observation
Odontaster  validus,Haliclonidae,"Peters, K. J., Amsler, C. D., McClintock, J. B., van Soest, R. W., & Baker, B. J. (2009). Palatability and chemical defenses of sponges from the western Antarctic Peninsula. Marine Ecology Progress Series, 385, 77-85.",In vitro observation
Odontaster  validus,Stylocordyla borealis,L. Torre (pers. comm.),In situ observation
Odontaster meridionalis,Mycale acerata,"Dayton, P. K., Robilliard, G. A., Paine, R. T., & Dayton, L. B. (1974). Biological accommodation in the benthic community at McMurdo Sound, Antarctica. Ecological Monographs, 105-128.",In vitro observation
Odontaster meridionalis,Haliclonidae,"Dayton, P. K., Robilliard, G. A., Paine, R. T., & Dayton, L. B. (1974). Biological accommodation in the benthic community at McMurdo Sound, Antarctica. Ecological Monographs, 105-128.",In vitro observation
Odontaster meridionalis,Rosella antartica,"Dayton, P. K., Robilliard, G. A., Paine, R. T., & Dayton, L. B. (1974). Biological accommodation in the benthic community at McMurdo Sound, Antarctica. Ecological Monographs, 105-128.",In vitro observation
Odontaster meridionalis,Rosella sp.,"McClintock, J. B. (1994). Trophic biology of Antarctic shallow-water echinoderms. Marine ecology progress series. Oldendorf, 111(1), 191-202.",In vitro observation
Odontaster meridionalis,Neobuccinum eatoni,L. Torre (pers. comm.),In situ observation
Odontaster meridionalis,Stylocordyla borealis,L. Torre (pers. comm.),In situ observation
Ophionotus victoriae,Euphausia superba,"Dearborn. J. H. (1977). Food and feeding characteristics of antarctic asteroids and ophiuroids. In: Llano, G. A. (ed.) Adaptations within antarctic ecosystems.",In situ observation
Ophionotus victoriae,Benthic diatoms,"Fratt, D. B., & Dearborn, J. H. (1984). Feeding biology of the Antarctic brittle star Ophionotus victoriae (Echinodermata: Ophiuroidea). Polar Biology, 3(3), 127-139.",Gut content
Ophionotus victoriae,Aged detritus,"Fratt, D. B., & Dearborn, J. H. (1984). Feeding biology of the Antarctic brittle star Ophionotus victoriae (Echinodermata: Ophiuroidea). Polar Biology, 3(3), 127-139.",Gut content
Ophionotus victoriae,Euphausia superba,"Fratt, D. B., & Dearborn, J. H. (1984). Feeding biology of the Antarctic brittle star Ophionotus victoriae (Echinodermata: Ophiuroidea). Polar Biology, 3(3), 127-139.",Gut content
Ophionotus victoriae,Pontogeneiella sp.,"Fratt, D. B., & Dearborn, J. H. (1984). Feeding biology of the Antarctic brittle star Ophionotus victoriae (Echinodermata: Ophiuroidea). Polar Biology, 3(3), 127-139.",Gut content
Ophionotus victoriae,Copepods,"Fratt, D. B., & Dearborn, J. H. (1984). Feeding biology of the Antarctic brittle star Ophionotus victoriae (Echinodermata: Ophiuroidea). Polar Biology, 3(3), 127-139.",Gut content
Ophionotus victoriae,Ascidians,"Fratt, D. B., & Dearborn, J. H. (1984). Feeding biology of the Antarctic brittle star Ophionotus victoriae (Echinodermata: Ophiuroidea). Polar Biology, 3(3), 127-139.",Gut content
Ophionotus victoriae,Hydrozoa,"Fratt, D. B., & Dearborn, J. H. (1984). Feeding biology of the Antarctic brittle star Ophionotus victoriae (Echinodermata: Ophiuroidea). Polar Biology, 3(3), 127-139.",Gut content
Ophionotus victoriae,Camptoplites sp.,"Fratt, D. B., & Dearborn, J. H. (1984). Feeding biology of the Antarctic brittle star Ophionotus victoriae (Echinodermata: Ophiuroidea). Polar Biology, 3(3), 127-139.",Gut content
Ophionotus victoriae,Cellarinella sp.,"Fratt, D. B., & Dearborn, J. H. (1984). Feeding biology of the Antarctic brittle star Ophionotus victoriae (Echinodermata: Ophiuroidea). Polar Biology, 3(3), 127-139.",Gut content
Ophionotus victoriae,Fresh detritus,"Fratt, D. B., & Dearborn, J. H. (1984). Feeding biology of the Antarctic brittle star Ophionotus victoriae (Echinodermata: Ophiuroidea). Polar Biology, 3(3), 127-139.",Gut content
Ophionotus victoriae,Necromass,"Fratt, D. B., & Dearborn, J. H. (1984). Feeding biology of the Antarctic brittle star Ophionotus victoriae (Echinodermata: Ophiuroidea). Polar Biology, 3(3), 127-139.",Gut content
Ophionotus victoriae,Necromass,"Smale, D. A., Barnes, D. K., Fraser, K. P., Mann, P. J., & Brown, M. P. (2007). Scavenging in Antarctica: intense variation between sites and seasons in shallow benthic necrophagy. Journal of In vitro observation Marine Biology and Ecology, 349(2), 405-417.",In situ observation
Ophionotus victoriae,Nereidae ,L. Torre (pers. comm.),In situ observation
Ophionotus victoriae,Laternulla elliptica,L. Torre (pers. comm.),In situ observation
Ophionotus victoriae,Neobuccinum eatoni,L. Torre (pers. comm.),In situ observation
Ophionotus victoriae,Mycale acerata,L. Torre (pers. comm.),In situ observation
Ophionotus victoriae,Haliclonidae,L. Torre (pers. comm.),In situ observation
Ophionotus victoriae,Stylocordyla borealis,L. Torre (pers. comm.),In situ observation
Ophionotus victoriae,Rosella antartica,L. Torre (pers. comm.),In situ observation
Ophionotus victoriae,Rosella sp.,L. Torre (pers. comm.),In situ observation
Oradarea bidentata,Palmaria decipiens,"Bucolo, P., Amsler, C. D., McClintock, J. B., & Baker, B. J. (2011). Palatability of the Antarctic rhodophyte Palmaria decipiens (Reinsch) RW Ricker and its endo/epiphyte Elachista antarctica Skottsberg to sympatric amphipods. Journal of In vitro observation Marine Biology and Ecology, 396(2), 202-206.",In vitro observation
Parachaenichthys charcoti,Euphausia superba,"Daniels, R. A. (1982). Feeding ecology of some fishes of the Antarctic Peninsula. Fish Bull, 80(3), 575-594.",Gut content
Parachaenichthys charcoti,Euphausia superba,"Kompowski, A. (1992). Food feeding behaviour of Parachaenichthys georgianus [Fischer, 1885] and Parachaenichthys charcoti [Vaillant, 1906][Pisces, Bathydraconidae]. Acta Ichthyologica et Piscatoria, 1(22), 15-29.",Gut content
Parachaenichthys charcoti,Euphausia superba,"Barrera-Oro, E. (2003). Analysis of dietary overlap in Antarctic fish (Notothenioidei) from the South Shetland Islands: no evidence of food competition. Polar Biology, 26(10), 631-637.",Gut content
Paradexamine sp.,Fresh detritus,"Richard, M. G. (1977). The ecology (including physiological aspects) of selected Antarctic marine invertebrates associated with inshore macrophytes (Doctoral dissertation, Durham University).",Gut content
Parborlasia corrugatus,Nacella concinna,L. Torre (pers. comm.),In situ observation
Parborlasia corrugatus,Serolis sp.,L. Torre (pers. comm.),In situ observation
Parborlasia corrugatus,Glyptonotus antarcticus,L. Torre (pers. comm.),In situ observation
Parborlasia corrugatus,Mycale acerata,L. Torre (pers. comm.),In situ observation
Parborlasia corrugatus,Haliclonidae,L. Torre (pers. comm.),In situ observation
Parborlasia corrugatus,Stylocordyla borealis,L. Torre (pers. comm.),In situ observation
Parborlasia corrugatus,Rosella antartica,L. Torre (pers. comm.),In situ observation
Parborlasia corrugatus,Rosella sp.,L. Torre (pers. comm.),In situ observation
Perknaster aurorae,Mycale acerata,"Dayton, P. K., Robilliard, G. A., Paine, R. T., & Dayton, L. B. (1974). Biological accommodation in the benthic community at McMurdo Sound, Antarctica. Ecological Monographs, 105-128.",In vitro observation
Perknaster fuscus antarticus,Mycale acerata,"Dayton, P. K., Robilliard, G. A., Paine, R. T., & Dayton, L. B. (1974). Biological accommodation in the benthic community at McMurdo Sound, Antarctica. Ecological Monographs, 105-128.",In vitro observation
Perknaster fuscus antarticus,Mycale acerata,"McClintock, J. B. (1987). Investigation of the relationship between invertebrate predation and biochemical composition, energy content, spicule armament and toxicity of benthic sponges at McMurdo Sound, Antarctica. Marine Biology, 94(3), 479-487.",In vitro observation
Perknaster fuscus antarticus,Mycale acerata,"McClintock, J. B., Amsler, C. D., Baker, B. J., & Van Soest, R. W. (2005). Ecology of Antarctic marine sponges: an overview. Integrative and Comparative Biology, 45(2), 359-368.",In situ observation
Priapulids,Nereidae ,"Lang, K. (1948). Contribution to the ecology of Priapulus caudatus. Lam Ark Zoo, 41A(5), 1-13",
Priapulids,Benthic diatoms,"Shirley, T. C. (1990). Ecology of Priapulus caudatus Lamarck, 1816 (Priapulida) in an Alaskan subarctic ecosystem. Bulletin of Marine Science, 47(1), 149-158.",
Prostebbingia gracilis,Gigartina skottsbergii,"Huang, Y. M., McClintock, J. B., Amsler, C. D., Peters, K. J., & Baker, B. J. (2006). Feeding rates of common Antarctic gammarid amphipods on ecologically important sympatric macroalgae. Journal of In vitro observation Marine Biology and Ecology, 329(1), 55-65.",In vitro observation
Prostebbingia gracilis,Iridaea cordata,"Huang, Y. M., McClintock, J. B., Amsler, C. D., Peters, K. J., & Baker, B. J. (2006). Feeding rates of common Antarctic gammarid amphipods on ecologically important sympatric macroalgae. Journal of In vitro observation Marine Biology and Ecology, 329(1), 55-65.",In vitro observation
Prostebbingia gracilis,Myriogramme manginii,"Huang, Y. M., McClintock, J. B., Amsler, C. D., Peters, K. J., & Baker, B. J. (2006). Feeding rates of common Antarctic gammarid amphipods on ecologically important sympatric macroalgae. Journal of In vitro observation Marine Biology and Ecology, 329(1), 55-65.",In vitro observation
Prostebbingia gracilis,Palmaria decipiens,"Huang, Y. M., McClintock, J. B., Amsler, C. D., Peters, K. J., & Baker, B. J. (2006). Feeding rates of common Antarctic gammarid amphipods on ecologically important sympatric macroalgae. Journal of In vitro observation Marine Biology and Ecology, 329(1), 55-65.",In vitro observation
Prostebbingia gracilis,Plocamium cartilagineum,"Huang, Y. M., McClintock, J. B., Amsler, C. D., Peters, K. J., & Baker, B. J. (2006). Feeding rates of common Antarctic gammarid amphipods on ecologically important sympatric macroalgae. Journal of In vitro observation Marine Biology and Ecology, 329(1), 55-65.",In vitro observation
Prostebbingia gracilis,Desmarestia anceps,"Huang, Y. M., McClintock, J. B., Amsler, C. D., Peters, K. J., & Baker, B. J. (2006). Feeding rates of common Antarctic gammarid amphipods on ecologically important sympatric macroalgae. Journal of In vitro observation Marine Biology and Ecology, 329(1), 55-65.",In vitro observation
Prostebbingia gracilis,Desmarestia antarctica,"Huang, Y. M., McClintock, J. B., Amsler, C. D., Peters, K. J., & Baker, B. J. (2006). Feeding rates of common Antarctic gammarid amphipods on ecologically important sympatric macroalgae. Journal of In vitro observation Marine Biology and Ecology, 329(1), 55-65.",In vitro observation
Prostebbingia gracilis,Desmarestia menziesii,"Huang, Y. M., McClintock, J. B., Amsler, C. D., Peters, K. J., & Baker, B. J. (2006). Feeding rates of common Antarctic gammarid amphipods on ecologically important sympatric macroalgae. Journal of In vitro observation Marine Biology and Ecology, 329(1), 55-65.",In vitro observation
Prostebbingia gracilis,Palmaria decipiens,"Bucolo, P., Amsler, C. D., McClintock, J. B., & Baker, B. J. (2011). Palatability of the Antarctic rhodophyte Palmaria decipiens (Reinsch) RW Ricker and its endo/epiphyte Elachista antarctica Skottsberg to sympatric amphipods. Journal of In vitro observation Marine Biology and Ecology, 396(2), 202-206.",In vitro observation
Rosella antartica,Benthic diatoms,L. Torre (pers. comm.),In situ observation
Rosella antartica,Fresh detritus,L. Torre (pers. comm.),In situ observation
Rosella sp.,Benthic diatoms,L. Torre (pers. comm.),In situ observation
Rosella sp.,Fresh detritus,L. Torre (pers. comm.),In situ observation
Salpidae,Phytoplankton,"Huntley, M. E., Sykes, P. F., & Marin, V. (1989). Biometry and trophodynamics of Salpa thompsoni Foxton (Tunicata: Thaliacea) near the Antarctic Peninsula in austral summer, 1983–1984. Polar Biology, 10(1), 59-70.",In vitro observation
Salpidae,Zooplankton,"Huntley, M. E., Sykes, P. F., & Marin, V. (1989). Biometry and trophodynamics of Salpa thompsoni Foxton (Tunicata: Thaliacea) near the Antarctic Peninsula in austral summer, 1983–1984. Polar Biology, 10(1), 59-70.",In vitro observation
Salpidae,Phytoplankton,"Dubischar, C. D., & Bathmann, U. V. (1997). Grazing impact of copepods and Salpidae on phytoplankton in the Atlantic sector of the Southern Ocean. Deep Sea Research Part II: Topical Studies in Oceanography, 44(1), 415-433.",In vitro observation
Salpidae,Aged detritus,L. Torre (pers. comm.),In situ observation
Serolis sp.,Necromass,"Presler, P. (1986). Necrophagous invertebrates of the Admiralty Bay of King George Island(South Shetland Islands, Antarctica). Polish Polar Research/Polskie Badania Polarne, 7(1), 25-61.",In vitro observation
Sterechinus neumayeri,Paradexamine sp.,"Brand, T. E. (1976). Trophic relationships of selected benthic marine invertebrates and foraminifera in Antarctica. Antarctic J US, 11, 24-26.",Gut content
Sterechinus neumayeri,Pontogeneiella sp.,"Brand, T. E. (1976). Trophic relationships of selected benthic marine invertebrates and foraminifera in Antarctica. Antarctic J US, 11, 24-26.",Gut content
Sterechinus neumayeri,Bovallia gigantea,"Brand, T. E. (1976). Trophic relationships of selected benthic marine invertebrates and foraminifera in Antarctica. Antarctic J US, 11, 24-26.",Gut content
Sterechinus neumayeri,Hydrozoa,"Brand, T. E. (1980). Trophic interactions and community ecology of the shallow-water marine benthos along the Antarctic Peninsula Ph D. thesis, Univ. of California, Davis",Gut content
Sterechinus neumayeri,Camptoplites sp.,"Brand, T. E. (1980). Trophic interactions and community ecology of the shallow-water marine benthos along the Antarctic Peninsula Ph D. thesis, Univ. of California, Davis",Gut content
Sterechinus neumayeri,Cellarinella sp.,"Brand, T. E. (1980). Trophic interactions and community ecology of the shallow-water marine benthos along the Antarctic Peninsula Ph D. thesis, Univ. of California, Davis",Gut content
Sterechinus neumayeri,Mycale acerata,L. Torre (pers. comm.),In situ observation
Sterechinus neumayeri,Haliclonidae,L. Torre (pers. comm.),In situ observation
Sterechinus neumayeri,Stylocordyla borealis,L. Torre (pers. comm.),In situ observation
Sterechinus neumayeri,Rosella antartica,L. Torre (pers. comm.),In situ observation
Sterechinus neumayeri,Rosella sp.,L. Torre (pers. comm.),In situ observation
Stylocordyla borealis,Benthic diatoms,L. Torre (pers. comm.),In situ observation
Stylocordyla borealis,Fresh detritus,L. Torre (pers. comm.),In situ observation
Trematomus bernacchi,Glyptonotus antarcticus,"Dearborn, J. H. (1967). Food and reproduction of Glyptonotus antarcticus (Crustacea: Isopoda) at McMurdo Sound, Antarctica. Transactions Roy. Soc. NZ, 8, 163-168.",In situ observation
Trematomus bernacchi,Margarella antarctica,"Daniels, R. A. (1982). Feeding ecology of some fishes of the Antarctic Peninsula. Fish Bull, 80(3), 575-590",Gut content
Trematomus bernacchi,Nacella concinna,"Daniels, R. A. (1982). Feeding ecology of some fishes of the Antarctic Peninsula. Fish Bull, 80(3), 575-590",Gut content
Trematomus bernacchi,Neobuccinum eatoni,"Daniels, R. A. (1982). Feeding ecology of some fishes of the Antarctic Peninsula. Fish Bull, 80(3), 575-591",Gut content
Trematomus bernacchi,Nereidae ,"Eastman, J. T. (1985). Pleuragramma antarcticum (Pisces, Nototheniidae) as food for other fishes in McMurdo Sound, Antarctica. Polar Biology, 4(3), 155-160.",Gut content
Trematomus bernacchi,Glyptonotus antarcticus,"Foster, B. A., & Montgomery, J. C. (1993). Planktivory in benthic nototheniid fish in McMurdo Sound, Antarctica. Environmental Biology of Fishes, 36(3), 313-318.",Gut content
Trematomus newnesi,Hyperiids,"Richardson, M. G. (1975). The dietary composition of some Antarctic fish. Br Antarct Surv Bull, 41(42), 113-120.",Gut content
Trematomus newnesi,Bovallia gigantea,"Richardson, M. G. (1975). The dietary composition of some Antarctic fish. Br Antarct Surv Bull, 41(42), 113-120.",Gut content
Trematomus newnesi,Margarella antarctica,"Daniels, R. A. (1982). Feeding ecology of some fishes of the Antarctic Peninsula. Fish Bull, 80(3), 575-590",Gut content
Trematomus newnesi,Nacella concinna,"Daniels, R. A. (1982). Feeding ecology of some fishes of the Antarctic Peninsula. Fish Bull, 80(3), 575-590",Gut content
Trematomus newnesi,Neobuccinum eatoni,"Daniels, R. A. (1982). Feeding ecology of some fishes of the Antarctic Peninsula. Fish Bull, 80(3), 575-591",Gut content
Trematomus newnesi,Euphausia superba,"Daniels, R. A. (1982). Feeding ecology of some fishes of the Antarctic Peninsula. Fish Bull, 80(3), 575-591",Gut content
Trematomus newnesi,Euphausia superba,"Linkowski, T. B., Presler, P., & Zukowski, C. (1983). Food habits of nototheniid fishes(Nototheniidae) in Admiralty Bay(King George Island, South Shetland Islands). Pol. Polar Res., 4(1), 79-96.",Gut content
Trematomus newnesi,Hyperiids,"Linkowski, T. B., Presler, P., & Zukowski, C. (1983). Food habits of nototheniid fishes(Nototheniidae) in Admiralty Bay(King George Island, South Shetland Islands). Pol. Polar Res., 4(1), 79-96.",Gut content
Trematomus newnesi,Salpidae,"Linkowski, T. B., Presler, P., & Zukowski, C. (1983). Food habits of nototheniid fishes(Nototheniidae) in Admiralty Bay(King George Island, South Shetland Islands). Pol. Polar Res., 4(1), 79-96.",Gut content
Trematomus newnesi,Hyperiids,"Vacchi, M., & La Mesa, M. (1995). The diet of the Antarctic fish Trematomus newnesi Boulenger, 1902 (Nototheniidae) from Terra Nova Bay, Ross Sea. Antarctic Science, 7(01), 37-38.",Gut content
Trematomus newnesi,Hyperiids,"Barrera-Oro, E. (2003). Analysis of dietary overlap in Antarctic fish (Notothenioidei) from the South Shetland Islands: no evidence of food competition. Polar Biology, 26(10), 631-637.",Gut content
Trematomus newnesi,Euphausia superba,"Kock, K. H., Barrera-Oro, E., Belchier, M., Collins, M. A., Duhamel, G., Hanchet, S., ... & Williams, R. (2012). The role of fish as predators of krill (Euphausia superba) and other pelagic resources in the Southern Ocean. CCAMLR Science, 19, 115-169.",Gut content
Urticinopsis antartica,Odontaster  validus,"Holdgate, M. W. (1970). Antarctic ecology.",In situ observation
Urticinopsis antartica,Odontaster meridionalis,"Caspers, H. (1979). Internationale Revue der gesamten Hydrobiologie und Hydrographie, 64(6), 839-840.",
Urticinopsis antartica,Perknaster fuscus antarticus,"Caspers, H. (1979). Internationale Revue der gesamten Hydrobiologie und Hydrographie, 64(6), 839-840.",
Waldeckia obesa,Necromass,"Dauby, P., Scailteur, Y., & De Broyer, C. (2001). Trophic diversity within the eastern Weddell Sea amphipod community. Hydrobiologia, 443(1-3), 69-86.",Gut content
